Sl.No,Job_Title,Company,Location,Job_URL
1,"
            
        Fintech Data Scientist
      
          ","
            Vanguard
          ","
            Malvern, PA
          ",https://www.linkedin.com/jobs/view/fintech-data-scientist-at-vanguard-3021288840?refId=JO3oz9%2Bbe2nXFlaC5xeWJA%3D%3D&trackingId=D4ldFJrcMe%2BTJicdE8W6YA%3D%3D&position=1&pageNum=0&trk=public_jobs_jserp-result_search-card
2,"
            
        Fintech Data Scientist
      
          ","
            Vanguard
          ","
            Malvern, PA
          ",https://www.linkedin.com/jobs/view/fintech-data-scientist-at-vanguard-3021288840?refId=JO3oz9%2Bbe2nXFlaC5xeWJA%3D%3D&trackingId=D4ldFJrcMe%2BTJicdE8W6YA%3D%3D&position=1&pageNum=0&trk=public_jobs_jserp-result_search-card
3,"
            
        Fintech Data Scientist
      
          ","
            Vanguard
          ","
            Malvern, PA
          ",https://www.linkedin.com/jobs/view/fintech-data-scientist-at-vanguard-3021288840?refId=JO3oz9%2Bbe2nXFlaC5xeWJA%3D%3D&trackingId=D4ldFJrcMe%2BTJicdE8W6YA%3D%3D&position=1&pageNum=0&trk=public_jobs_jserp-result_search-card
4,"
            
        Fintech Data Scientist
      
          ","
            Vanguard
          ","
            Malvern, PA
          ",https://www.linkedin.com/jobs/view/fintech-data-scientist-at-vanguard-3021288840?refId=JO3oz9%2Bbe2nXFlaC5xeWJA%3D%3D&trackingId=D4ldFJrcMe%2BTJicdE8W6YA%3D%3D&position=1&pageNum=0&trk=public_jobs_jserp-result_search-card
5,"
            
        Fintech Data Scientist
      
          ","
            Vanguard
          ","
            Malvern, PA
          ",https://www.linkedin.com/jobs/view/fintech-data-scientist-at-vanguard-3021288840?refId=JO3oz9%2Bbe2nXFlaC5xeWJA%3D%3D&trackingId=D4ldFJrcMe%2BTJicdE8W6YA%3D%3D&position=1&pageNum=0&trk=public_jobs_jserp-result_search-card
6,"
            
        Fintech Data Scientist
      
          ","
            Vanguard
          ","
            Malvern, PA
          ",https://www.linkedin.com/jobs/view/fintech-data-scientist-at-vanguard-3021288840?refId=JO3oz9%2Bbe2nXFlaC5xeWJA%3D%3D&trackingId=D4ldFJrcMe%2BTJicdE8W6YA%3D%3D&position=1&pageNum=0&trk=public_jobs_jserp-result_search-card
7,"
            
        Fintech Data Scientist
      
          ","
            Vanguard
          ","
            Malvern, PA
          ",https://www.linkedin.com/jobs/view/fintech-data-scientist-at-vanguard-3021288840?refId=JO3oz9%2Bbe2nXFlaC5xeWJA%3D%3D&trackingId=D4ldFJrcMe%2BTJicdE8W6YA%3D%3D&position=1&pageNum=0&trk=public_jobs_jserp-result_search-card
8,"
            
        Fintech Data Scientist
      
          ","
            Vanguard
          ","
            Malvern, PA
          ",https://www.linkedin.com/jobs/view/fintech-data-scientist-at-vanguard-3021288840?refId=JO3oz9%2Bbe2nXFlaC5xeWJA%3D%3D&trackingId=D4ldFJrcMe%2BTJicdE8W6YA%3D%3D&position=1&pageNum=0&trk=public_jobs_jserp-result_search-card
9,"
            
        Fintech Data Scientist
      
          ","
            Vanguard
          ","
            Malvern, PA
          ",https://www.linkedin.com/jobs/view/fintech-data-scientist-at-vanguard-3021288840?refId=JO3oz9%2Bbe2nXFlaC5xeWJA%3D%3D&trackingId=D4ldFJrcMe%2BTJicdE8W6YA%3D%3D&position=1&pageNum=0&trk=public_jobs_jserp-result_search-card
10,"
            
        Fintech Data Scientist
      
          ","
            Vanguard
          ","
            Malvern, PA
          ",https://www.linkedin.com/jobs/view/fintech-data-scientist-at-vanguard-3021288840?refId=JO3oz9%2Bbe2nXFlaC5xeWJA%3D%3D&trackingId=D4ldFJrcMe%2BTJicdE8W6YA%3D%3D&position=1&pageNum=0&trk=public_jobs_jserp-result_search-card
11,"
            
        Fintech Data Scientist
      
          ","
            Vanguard
          ","
            Malvern, PA
          ",https://www.linkedin.com/jobs/view/fintech-data-scientist-at-vanguard-3021288840?refId=JO3oz9%2Bbe2nXFlaC5xeWJA%3D%3D&trackingId=D4ldFJrcMe%2BTJicdE8W6YA%3D%3D&position=1&pageNum=0&trk=public_jobs_jserp-result_search-card
12,"
            
        Fintech Data Scientist
      
          ","
            Vanguard
          ","
            Malvern, PA
          ",https://www.linkedin.com/jobs/view/fintech-data-scientist-at-vanguard-3021288840?refId=JO3oz9%2Bbe2nXFlaC5xeWJA%3D%3D&trackingId=D4ldFJrcMe%2BTJicdE8W6YA%3D%3D&position=1&pageNum=0&trk=public_jobs_jserp-result_search-card
13,"
            
        Fintech Data Scientist
      
          ","
            Vanguard
          ","
            Malvern, PA
          ",https://www.linkedin.com/jobs/view/fintech-data-scientist-at-vanguard-3021288840?refId=JO3oz9%2Bbe2nXFlaC5xeWJA%3D%3D&trackingId=D4ldFJrcMe%2BTJicdE8W6YA%3D%3D&position=1&pageNum=0&trk=public_jobs_jserp-result_search-card
14,"
            
        Fintech Data Scientist
      
          ","
            Vanguard
          ","
            Malvern, PA
          ",https://www.linkedin.com/jobs/view/fintech-data-scientist-at-vanguard-3021288840?refId=JO3oz9%2Bbe2nXFlaC5xeWJA%3D%3D&trackingId=D4ldFJrcMe%2BTJicdE8W6YA%3D%3D&position=1&pageNum=0&trk=public_jobs_jserp-result_search-card
15,"
            
        Fintech Data Scientist
      
          ","
            Vanguard
          ","
            Malvern, PA
          ",https://www.linkedin.com/jobs/view/fintech-data-scientist-at-vanguard-3021288840?refId=JO3oz9%2Bbe2nXFlaC5xeWJA%3D%3D&trackingId=D4ldFJrcMe%2BTJicdE8W6YA%3D%3D&position=1&pageNum=0&trk=public_jobs_jserp-result_search-card
16,"
            
        Fintech Data Scientist
      
          ","
            Vanguard
          ","
            Malvern, PA
          ",https://www.linkedin.com/jobs/view/fintech-data-scientist-at-vanguard-3021288840?refId=JO3oz9%2Bbe2nXFlaC5xeWJA%3D%3D&trackingId=D4ldFJrcMe%2BTJicdE8W6YA%3D%3D&position=1&pageNum=0&trk=public_jobs_jserp-result_search-card
17,"
            
        Fintech Data Scientist
      
          ","
            Vanguard
          ","
            Malvern, PA
          ",https://www.linkedin.com/jobs/view/fintech-data-scientist-at-vanguard-3021288840?refId=JO3oz9%2Bbe2nXFlaC5xeWJA%3D%3D&trackingId=D4ldFJrcMe%2BTJicdE8W6YA%3D%3D&position=1&pageNum=0&trk=public_jobs_jserp-result_search-card
18,"
            
        Fintech Data Scientist
      
          ","
            Vanguard
          ","
            Malvern, PA
          ",https://www.linkedin.com/jobs/view/fintech-data-scientist-at-vanguard-3021288840?refId=JO3oz9%2Bbe2nXFlaC5xeWJA%3D%3D&trackingId=D4ldFJrcMe%2BTJicdE8W6YA%3D%3D&position=1&pageNum=0&trk=public_jobs_jserp-result_search-card
19,"
            
        Fintech Data Scientist
      
          ","
            Vanguard
          ","
            Malvern, PA
          ",https://www.linkedin.com/jobs/view/fintech-data-scientist-at-vanguard-3021288840?refId=JO3oz9%2Bbe2nXFlaC5xeWJA%3D%3D&trackingId=D4ldFJrcMe%2BTJicdE8W6YA%3D%3D&position=1&pageNum=0&trk=public_jobs_jserp-result_search-card
20,"
            
        Fintech Data Scientist
      
          ","
            Vanguard
          ","
            Malvern, PA
          ",https://www.linkedin.com/jobs/view/fintech-data-scientist-at-vanguard-3021288840?refId=JO3oz9%2Bbe2nXFlaC5xeWJA%3D%3D&trackingId=D4ldFJrcMe%2BTJicdE8W6YA%3D%3D&position=1&pageNum=0&trk=public_jobs_jserp-result_search-card
21,"
            
        Fintech Data Scientist
      
          ","
            Vanguard
          ","
            Malvern, PA
          ",https://www.linkedin.com/jobs/view/fintech-data-scientist-at-vanguard-3021288840?refId=JO3oz9%2Bbe2nXFlaC5xeWJA%3D%3D&trackingId=D4ldFJrcMe%2BTJicdE8W6YA%3D%3D&position=1&pageNum=0&trk=public_jobs_jserp-result_search-card
22,"
            
        Fintech Data Scientist
      
          ","
            Vanguard
          ","
            Malvern, PA
          ",https://www.linkedin.com/jobs/view/fintech-data-scientist-at-vanguard-3021288840?refId=JO3oz9%2Bbe2nXFlaC5xeWJA%3D%3D&trackingId=D4ldFJrcMe%2BTJicdE8W6YA%3D%3D&position=1&pageNum=0&trk=public_jobs_jserp-result_search-card
23,"
            
        Fintech Data Scientist
      
          ","
            Vanguard
          ","
            Malvern, PA
          ",https://www.linkedin.com/jobs/view/fintech-data-scientist-at-vanguard-3021288840?refId=JO3oz9%2Bbe2nXFlaC5xeWJA%3D%3D&trackingId=D4ldFJrcMe%2BTJicdE8W6YA%3D%3D&position=1&pageNum=0&trk=public_jobs_jserp-result_search-card
24,"
            
        Fintech Data Scientist
      
          ","
            Vanguard
          ","
            Malvern, PA
          ",https://www.linkedin.com/jobs/view/fintech-data-scientist-at-vanguard-3021288840?refId=JO3oz9%2Bbe2nXFlaC5xeWJA%3D%3D&trackingId=D4ldFJrcMe%2BTJicdE8W6YA%3D%3D&position=1&pageNum=0&trk=public_jobs_jserp-result_search-card
25,"
            
        Fintech Data Scientist
      
          ","
            Vanguard
          ","
            Malvern, PA
          ",https://www.linkedin.com/jobs/view/fintech-data-scientist-at-vanguard-3021288840?refId=JO3oz9%2Bbe2nXFlaC5xeWJA%3D%3D&trackingId=D4ldFJrcMe%2BTJicdE8W6YA%3D%3D&position=1&pageNum=0&trk=public_jobs_jserp-result_search-card
26,"
            
        Fintech Data Scientist
      
          ","
            Vanguard
          ","
            Malvern, PA
          ",https://www.linkedin.com/jobs/view/fintech-data-scientist-at-vanguard-3021288840?refId=JO3oz9%2Bbe2nXFlaC5xeWJA%3D%3D&trackingId=D4ldFJrcMe%2BTJicdE8W6YA%3D%3D&position=1&pageNum=0&trk=public_jobs_jserp-result_search-card
27,"
            
        Fintech Data Scientist
      
          ","
            Vanguard
          ","
            Malvern, PA
          ",https://www.linkedin.com/jobs/view/fintech-data-scientist-at-vanguard-3021288840?refId=JO3oz9%2Bbe2nXFlaC5xeWJA%3D%3D&trackingId=D4ldFJrcMe%2BTJicdE8W6YA%3D%3D&position=1&pageNum=0&trk=public_jobs_jserp-result_search-card
28,"
            
        Fintech Data Scientist
      
          ","
            Vanguard
          ","
            Malvern, PA
          ",https://www.linkedin.com/jobs/view/fintech-data-scientist-at-vanguard-3021288840?refId=JO3oz9%2Bbe2nXFlaC5xeWJA%3D%3D&trackingId=D4ldFJrcMe%2BTJicdE8W6YA%3D%3D&position=1&pageNum=0&trk=public_jobs_jserp-result_search-card
29,"
            
        Fintech Data Scientist
      
          ","
            Vanguard
          ","
            Malvern, PA
          ",https://www.linkedin.com/jobs/view/fintech-data-scientist-at-vanguard-3021288840?refId=JO3oz9%2Bbe2nXFlaC5xeWJA%3D%3D&trackingId=D4ldFJrcMe%2BTJicdE8W6YA%3D%3D&position=1&pageNum=0&trk=public_jobs_jserp-result_search-card
30,"
            
        Fintech Data Scientist
      
          ","
            Vanguard
          ","
            Malvern, PA
          ",https://www.linkedin.com/jobs/view/fintech-data-scientist-at-vanguard-3021288840?refId=JO3oz9%2Bbe2nXFlaC5xeWJA%3D%3D&trackingId=D4ldFJrcMe%2BTJicdE8W6YA%3D%3D&position=1&pageNum=0&trk=public_jobs_jserp-result_search-card
31,"
            
        Fintech Data Scientist
      
          ","
            Vanguard
          ","
            Malvern, PA
          ",https://www.linkedin.com/jobs/view/fintech-data-scientist-at-vanguard-3021288840?refId=JO3oz9%2Bbe2nXFlaC5xeWJA%3D%3D&trackingId=D4ldFJrcMe%2BTJicdE8W6YA%3D%3D&position=1&pageNum=0&trk=public_jobs_jserp-result_search-card
32,"
            
        Fintech Data Scientist
      
          ","
            Vanguard
          ","
            Malvern, PA
          ",https://www.linkedin.com/jobs/view/fintech-data-scientist-at-vanguard-3021288840?refId=JO3oz9%2Bbe2nXFlaC5xeWJA%3D%3D&trackingId=D4ldFJrcMe%2BTJicdE8W6YA%3D%3D&position=1&pageNum=0&trk=public_jobs_jserp-result_search-card
33,"
            
        Fintech Data Scientist
      
          ","
            Vanguard
          ","
            Malvern, PA
          ",https://www.linkedin.com/jobs/view/fintech-data-scientist-at-vanguard-3021288840?refId=JO3oz9%2Bbe2nXFlaC5xeWJA%3D%3D&trackingId=D4ldFJrcMe%2BTJicdE8W6YA%3D%3D&position=1&pageNum=0&trk=public_jobs_jserp-result_search-card
34,"
            
        Fintech Data Scientist
      
          ","
            Vanguard
          ","
            Malvern, PA
          ",https://www.linkedin.com/jobs/view/fintech-data-scientist-at-vanguard-3021288840?refId=JO3oz9%2Bbe2nXFlaC5xeWJA%3D%3D&trackingId=D4ldFJrcMe%2BTJicdE8W6YA%3D%3D&position=1&pageNum=0&trk=public_jobs_jserp-result_search-card
35,"
            
        Fintech Data Scientist
      
          ","
            Vanguard
          ","
            Malvern, PA
          ",https://www.linkedin.com/jobs/view/fintech-data-scientist-at-vanguard-3021288840?refId=JO3oz9%2Bbe2nXFlaC5xeWJA%3D%3D&trackingId=D4ldFJrcMe%2BTJicdE8W6YA%3D%3D&position=1&pageNum=0&trk=public_jobs_jserp-result_search-card
36,"
            
        Fintech Data Scientist
      
          ","
            Vanguard
          ","
            Malvern, PA
          ",https://www.linkedin.com/jobs/view/fintech-data-scientist-at-vanguard-3021288840?refId=JO3oz9%2Bbe2nXFlaC5xeWJA%3D%3D&trackingId=D4ldFJrcMe%2BTJicdE8W6YA%3D%3D&position=1&pageNum=0&trk=public_jobs_jserp-result_search-card
37,"
            
        Fintech Data Scientist
      
          ","
            Vanguard
          ","
            Malvern, PA
          ",https://www.linkedin.com/jobs/view/fintech-data-scientist-at-vanguard-3021288840?refId=JO3oz9%2Bbe2nXFlaC5xeWJA%3D%3D&trackingId=D4ldFJrcMe%2BTJicdE8W6YA%3D%3D&position=1&pageNum=0&trk=public_jobs_jserp-result_search-card
38,"
            
        Fintech Data Scientist
      
          ","
            Vanguard
          ","
            Malvern, PA
          ",https://www.linkedin.com/jobs/view/fintech-data-scientist-at-vanguard-3021288840?refId=JO3oz9%2Bbe2nXFlaC5xeWJA%3D%3D&trackingId=D4ldFJrcMe%2BTJicdE8W6YA%3D%3D&position=1&pageNum=0&trk=public_jobs_jserp-result_search-card
39,"
            
        Fintech Data Scientist
      
          ","
            Vanguard
          ","
            Malvern, PA
          ",https://www.linkedin.com/jobs/view/fintech-data-scientist-at-vanguard-3021288840?refId=JO3oz9%2Bbe2nXFlaC5xeWJA%3D%3D&trackingId=D4ldFJrcMe%2BTJicdE8W6YA%3D%3D&position=1&pageNum=0&trk=public_jobs_jserp-result_search-card
40,"
            
        Fintech Data Scientist
      
          ","
            Vanguard
          ","
            Malvern, PA
          ",https://www.linkedin.com/jobs/view/fintech-data-scientist-at-vanguard-3021288840?refId=JO3oz9%2Bbe2nXFlaC5xeWJA%3D%3D&trackingId=D4ldFJrcMe%2BTJicdE8W6YA%3D%3D&position=1&pageNum=0&trk=public_jobs_jserp-result_search-card
41,"
            
        Fintech Data Scientist
      
          ","
            Vanguard
          ","
            Malvern, PA
          ",https://www.linkedin.com/jobs/view/fintech-data-scientist-at-vanguard-3021288840?refId=JO3oz9%2Bbe2nXFlaC5xeWJA%3D%3D&trackingId=D4ldFJrcMe%2BTJicdE8W6YA%3D%3D&position=1&pageNum=0&trk=public_jobs_jserp-result_search-card
42,"
            
        Fintech Data Scientist
      
          ","
            Vanguard
          ","
            Malvern, PA
          ",https://www.linkedin.com/jobs/view/fintech-data-scientist-at-vanguard-3021288840?refId=JO3oz9%2Bbe2nXFlaC5xeWJA%3D%3D&trackingId=D4ldFJrcMe%2BTJicdE8W6YA%3D%3D&position=1&pageNum=0&trk=public_jobs_jserp-result_search-card
43,"
            
        Fintech Data Scientist
      
          ","
            Vanguard
          ","
            Malvern, PA
          ",https://www.linkedin.com/jobs/view/fintech-data-scientist-at-vanguard-3021288840?refId=JO3oz9%2Bbe2nXFlaC5xeWJA%3D%3D&trackingId=D4ldFJrcMe%2BTJicdE8W6YA%3D%3D&position=1&pageNum=0&trk=public_jobs_jserp-result_search-card
44,"
            
        Fintech Data Scientist
      
          ","
            Vanguard
          ","
            Malvern, PA
          ",https://www.linkedin.com/jobs/view/fintech-data-scientist-at-vanguard-3021288840?refId=JO3oz9%2Bbe2nXFlaC5xeWJA%3D%3D&trackingId=D4ldFJrcMe%2BTJicdE8W6YA%3D%3D&position=1&pageNum=0&trk=public_jobs_jserp-result_search-card
45,"
            
        Fintech Data Scientist
      
          ","
            Vanguard
          ","
            Malvern, PA
          ",https://www.linkedin.com/jobs/view/fintech-data-scientist-at-vanguard-3021288840?refId=JO3oz9%2Bbe2nXFlaC5xeWJA%3D%3D&trackingId=D4ldFJrcMe%2BTJicdE8W6YA%3D%3D&position=1&pageNum=0&trk=public_jobs_jserp-result_search-card
46,"
            
        Fintech Data Scientist
      
          ","
            Vanguard
          ","
            Malvern, PA
          ",https://www.linkedin.com/jobs/view/fintech-data-scientist-at-vanguard-3021288840?refId=JO3oz9%2Bbe2nXFlaC5xeWJA%3D%3D&trackingId=D4ldFJrcMe%2BTJicdE8W6YA%3D%3D&position=1&pageNum=0&trk=public_jobs_jserp-result_search-card
47,"
            
        Data Scientist - New York or North Carolina
      
          ","
            IBM
          ","
            New York, NY
          ",https://www.linkedin.com/jobs/view/data-scientist-new-york-or-north-carolina-at-ibm-3016836292?refId=JO3oz9%2Bbe2nXFlaC5xeWJA%3D%3D&trackingId=6ryAf06rXYDKF7iiaSym8g%3D%3D&position=2&pageNum=0&trk=public_jobs_jserp-result_search-card
48,"
            
        Data Scientist - New York or North Carolina
      
          ","
            IBM
          ","
            New York, NY
          ",https://www.linkedin.com/jobs/view/data-scientist-new-york-or-north-carolina-at-ibm-3016836292?refId=JO3oz9%2Bbe2nXFlaC5xeWJA%3D%3D&trackingId=6ryAf06rXYDKF7iiaSym8g%3D%3D&position=2&pageNum=0&trk=public_jobs_jserp-result_search-card
49,"
            
        Data Scientist - New York or North Carolina
      
          ","
            IBM
          ","
            New York, NY
          ",https://www.linkedin.com/jobs/view/data-scientist-new-york-or-north-carolina-at-ibm-3016836292?refId=JO3oz9%2Bbe2nXFlaC5xeWJA%3D%3D&trackingId=6ryAf06rXYDKF7iiaSym8g%3D%3D&position=2&pageNum=0&trk=public_jobs_jserp-result_search-card
50,"
            
        Data Scientist - New York or North Carolina
      
          ","
            IBM
          ","
            New York, NY
          ",https://www.linkedin.com/jobs/view/data-scientist-new-york-or-north-carolina-at-ibm-3016836292?refId=JO3oz9%2Bbe2nXFlaC5xeWJA%3D%3D&trackingId=6ryAf06rXYDKF7iiaSym8g%3D%3D&position=2&pageNum=0&trk=public_jobs_jserp-result_search-card
51,"
            
        Data Scientist
      
          ","
            Cortland
          ","
            Atlanta, GA
          ",https://www.linkedin.com/jobs/view/data-scientist-at-cortland-3026094022?refId=JO3oz9%2Bbe2nXFlaC5xeWJA%3D%3D&trackingId=fhSpkEg972flptCwA1XwGA%3D%3D&position=25&pageNum=0&trk=public_jobs_jserp-result_search-card
52,"
            
        Data Scientist
      
          ","
            Cortland
          ","
            Atlanta, GA
          ",https://www.linkedin.com/jobs/view/data-scientist-at-cortland-3026094022?refId=JO3oz9%2Bbe2nXFlaC5xeWJA%3D%3D&trackingId=fhSpkEg972flptCwA1XwGA%3D%3D&position=25&pageNum=0&trk=public_jobs_jserp-result_search-card
